{
  "$schema": "http://json.schemastore.org/sarif-1.0.0",
  "version": "1.0.0",
  "runs": [
    {
      "tool": {
        "name": "Microsoft (R) Visual C# Compiler",
        "version": "3.8.0.0",
        "fileVersion": "3.8.0-5.20519.18 (4c195c3a)",
        "semanticVersion": "3.8.0",
        "language": "en-US"
      },
      "results": [
        {
          "ruleId": "S1451",
          "level": "warning",
          "message": "Add or update the header of this file.",
          "locations": [
            {
              "resultFile": {
                "uri": "file:///D:/a/1/s/AssemblyInfo.Shared.cs",
                "region": {
                  "startLine": 1,
                  "startColumn": 1,
                  "endLine": 1,
                  "endColumn": 1
                }
              }
            }
          ],
          "properties": {
            "warningLevel": 1,
            "customProperties": {
              "HeaderFormat": "/*\u000a * SonarScanner for .NET\u000a * Copyright (C) 2016-2021 SonarSource SA\u000a * mailto: info AT sonarsource DOT com\u000a *\u000a * This program is free software; you can redistribute it and/or\u000a * modify it under the terms of the GNU Lesser General Public\u000a * License as published by the Free Software Foundation; either\u000a * version 3 of the License, or (at your option) any later version.\u000a *\u000a * This program is distributed in the hope that it will be useful,\u000a * but WITHOUT ANY WARRANTY; without even the implied warranty of\u000a * MERCHANTABILITY or FITNESS FOR A PARTICULAR PURPOSE.  See the GNU\u000a * Lesser General Public License for more details.\u000a *\u000a * You should have received a copy of the GNU Lesser General Public License\u000a * along with this program; if not, write to the Free Software Foundation,\u000a * Inc., 51 Franklin Street, Fifth Floor, Boston, MA  02110-1301, USA.\u000a */\u000a",
              "IsRegularExpression": "False"
            }
          }
        },
        {
          "ruleId": "S1451",
          "level": "warning",
          "message": "Add or update the header of this file.",
          "locations": [
            {
              "resultFile": {
                "uri": "file:///D:/a/1/s/src/SonarScanner.MSBuild/ArgumentProcessor.cs",
                "region": {
                  "startLine": 1,
                  "startColumn": 1,
                  "endLine": 1,
                  "endColumn": 1
                }
              }
            }
          ],
          "properties": {
            "warningLevel": 1,
            "customProperties": {
              "HeaderFormat": "/*\u000a * SonarScanner for .NET\u000a * Copyright (C) 2016-2021 SonarSource SA\u000a * mailto: info AT sonarsource DOT com\u000a *\u000a * This program is free software; you can redistribute it and/or\u000a * modify it under the terms of the GNU Lesser General Public\u000a * License as published by the Free Software Foundation; either\u000a * version 3 of the License, or (at your option) any later version.\u000a *\u000a * This program is distributed in the hope that it will be useful,\u000a * but WITHOUT ANY WARRANTY; without even the implied warranty of\u000a * MERCHANTABILITY or FITNESS FOR A PARTICULAR PURPOSE.  See the GNU\u000a * Lesser General Public License for more details.\u000a *\u000a * You should have received a copy of the GNU Lesser General Public License\u000a * along with this program; if not, write to the Free Software Foundation,\u000a * Inc., 51 Franklin Street, Fifth Floor, Boston, MA  02110-1301, USA.\u000a */\u000a",
              "IsRegularExpression": "False"
            }
          }
        },
        {
          "ruleId": "S103",
          "level": "warning",
          "message": "Split this 204 characters long line (which is greater than 200 authorized).",
          "locations": [
            {
              "resultFile": {
                "uri": "file:///D:/a/1/s/src/SonarScanner.MSBuild/ArgumentProcessor.cs",
                "region": {
                  "startLine": 172,
                  "startColumn": 1,
                  "endLine": 172,
                  "endColumn": 205
                }
              }
            }
          ],
          "properties": {
            "warningLevel": 1
          }
        },
        {
          "ruleId": "S1451",
          "level": "warning",
          "message": "Add or update the header of this file.",
          "locations": [
            {
              "resultFile": {
                "uri": "file:///D:/a/1/s/src/SonarScanner.MSBuild/BootstrapperClass.cs",
                "region": {
                  "startLine": 1,
                  "startColumn": 1,
                  "endLine": 1,
                  "endColumn": 1
                }
              }
            }
          ],
          "properties": {
            "warningLevel": 1,
            "customProperties": {
              "HeaderFormat": "/*\u000a * SonarScanner for .NET\u000a * Copyright (C) 2016-2021 SonarSource SA\u000a * mailto: info AT sonarsource DOT com\u000a *\u000a * This program is free software; you can redistribute it and/or\u000a * modify it under the terms of the GNU Lesser General Public\u000a * License as published by the Free Software Foundation; either\u000a * version 3 of the License, or (at your option) any later version.\u000a *\u000a * This program is distributed in the hope that it will be useful,\u000a * but WITHOUT ANY WARRANTY; without even the implied warranty of\u000a * MERCHANTABILITY or FITNESS FOR A PARTICULAR PURPOSE.  See the GNU\u000a * Lesser General Public License for more details.\u000a *\u000a * You should have received a copy of the GNU Lesser General Public License\u000a * along with this program; if not, write to the Free Software Foundation,\u000a * Inc., 51 Franklin Street, Fifth Floor, Boston, MA  02110-1301, USA.\u000a */\u000a",
              "IsRegularExpression": "False"
            }
          }
        },
        {
          "ruleId": "S1451",
          "level": "warning",
          "message": "Add or update the header of this file.",
          "locations": [
            {
              "resultFile": {
                "uri": "file:///D:/a/1/s/src/SonarScanner.MSBuild/BootstrapperSettings.cs",
                "region": {
                  "startLine": 1,
                  "startColumn": 1,
                  "endLine": 1,
                  "endColumn": 1
                }
              }
            }
          ],
          "properties": {
            "warningLevel": 1,
            "customProperties": {
              "HeaderFormat": "/*\u000a * SonarScanner for .NET\u000a * Copyright (C) 2016-2021 SonarSource SA\u000a * mailto: info AT sonarsource DOT com\u000a *\u000a * This program is free software; you can redistribute it and/or\u000a * modify it under the terms of the GNU Lesser General Public\u000a * License as published by the Free Software Foundation; either\u000a * version 3 of the License, or (at your option) any later version.\u000a *\u000a * This program is distributed in the hope that it will be useful,\u000a * but WITHOUT ANY WARRANTY; without even the implied warranty of\u000a * MERCHANTABILITY or FITNESS FOR A PARTICULAR PURPOSE.  See the GNU\u000a * Lesser General Public License for more details.\u000a *\u000a * You should have received a copy of the GNU Lesser General Public License\u000a * along with this program; if not, write to the Free Software Foundation,\u000a * Inc., 51 Franklin Street, Fifth Floor, Boston, MA  02110-1301, USA.\u000a */\u000a",
              "IsRegularExpression": "False"
            }
          }
        },
        {
          "ruleId": "S1451",
          "level": "warning",
          "message": "Add or update the header of this file.",
          "locations": [
            {
              "resultFile": {
                "uri": "file:///D:/a/1/s/src/SonarScanner.MSBuild/DefaultProcessorFactory.cs",
                "region": {
                  "startLine": 1,
                  "startColumn": 1,
                  "endLine": 1,
                  "endColumn": 1
                }
              }
            }
          ],
          "properties": {
            "warningLevel": 1,
            "customProperties": {
              "HeaderFormat": "/*\u000a * SonarScanner for .NET\u000a * Copyright (C) 2016-2021 SonarSource SA\u000a * mailto: info AT sonarsource DOT com\u000a *\u000a * This program is free software; you can redistribute it and/or\u000a * modify it under the terms of the GNU Lesser General Public\u000a * License as published by the Free Software Foundation; either\u000a * version 3 of the License, or (at your option) any later version.\u000a *\u000a * This program is distributed in the hope that it will be useful,\u000a * but WITHOUT ANY WARRANTY; without even the implied warranty of\u000a * MERCHANTABILITY or FITNESS FOR A PARTICULAR PURPOSE.  See the GNU\u000a * Lesser General Public License for more details.\u000a *\u000a * You should have received a copy of the GNU Lesser General Public License\u000a * along with this program; if not, write to the Free Software Foundation,\u000a * Inc., 51 Franklin Street, Fifth Floor, Boston, MA  02110-1301, USA.\u000a */\u000a",
              "IsRegularExpression": "False"
            }
          }
        },
        {
          "ruleId": "S1451",
          "level": "warning",
          "message": "Add or update the header of this file.",
          "locations": [
            {
              "resultFile": {
                "uri": "file:///D:/a/1/s/src/SonarScanner.MSBuild/Interfaces/IBootstrapperSettings.cs",
                "region": {
                  "startLine": 1,
                  "startColumn": 1,
                  "endLine": 1,
                  "endColumn": 1
                }
              }
            }
          ],
          "properties": {
            "warningLevel": 1,
            "customProperties": {
              "HeaderFormat": "/*\u000a * SonarScanner for .NET\u000a * Copyright (C) 2016-2021 SonarSource SA\u000a * mailto: info AT sonarsource DOT com\u000a *\u000a * This program is free software; you can redistribute it and/or\u000a * modify it under the terms of the GNU Lesser General Public\u000a * License as published by the Free Software Foundation; either\u000a * version 3 of the License, or (at your option) any later version.\u000a *\u000a * This program is distributed in the hope that it will be useful,\u000a * but WITHOUT ANY WARRANTY; without even the implied warranty of\u000a * MERCHANTABILITY or FITNESS FOR A PARTICULAR PURPOSE.  See the GNU\u000a * Lesser General Public License for more details.\u000a *\u000a * You should have received a copy of the GNU Lesser General Public License\u000a * along with this program; if not, write to the Free Software Foundation,\u000a * Inc., 51 Franklin Street, Fifth Floor, Boston, MA  02110-1301, USA.\u000a */\u000a",
              "IsRegularExpression": "False"
            }
          }
        },
        {
          "ruleId": "S1451",
          "level": "warning",
          "message": "Add or update the header of this file.",
          "locations": [
            {
              "resultFile": {
                "uri": "file:///D:/a/1/s/src/SonarScanner.MSBuild/Interfaces/IProcessorFactory.cs",
                "region": {
                  "startLine": 1,
                  "startColumn": 1,
                  "endLine": 1,
                  "endColumn": 1
                }
              }
            }
          ],
          "properties": {
            "warningLevel": 1,
            "customProperties": {
              "HeaderFormat": "/*\u000a * SonarScanner for .NET\u000a * Copyright (C) 2016-2021 SonarSource SA\u000a * mailto: info AT sonarsource DOT com\u000a *\u000a * This program is free software; you can redistribute it and/or\u000a * modify it under the terms of the GNU Lesser General Public\u000a * License as published by the Free Software Foundation; either\u000a * version 3 of the License, or (at your option) any later version.\u000a *\u000a * This program is distributed in the hope that it will be useful,\u000a * but WITHOUT ANY WARRANTY; without even the implied warranty of\u000a * MERCHANTABILITY or FITNESS FOR A PARTICULAR PURPOSE.  See the GNU\u000a * Lesser General Public License for more details.\u000a *\u000a * You should have received a copy of the GNU Lesser General Public License\u000a * along with this program; if not, write to the Free Software Foundation,\u000a * Inc., 51 Franklin Street, Fifth Floor, Boston, MA  02110-1301, USA.\u000a */\u000a",
              "IsRegularExpression": "False"
            }
          }
        },
        {
          "ruleId": "S1451",
          "level": "warning",
          "message": "Add or update the header of this file.",
          "locations": [
            {
              "resultFile": {
                "uri": "file:///D:/a/1/s/src/SonarScanner.MSBuild/Program.cs",
                "region": {
                  "startLine": 1,
                  "startColumn": 1,
                  "endLine": 1,
                  "endColumn": 1
                }
              }
            }
          ],
          "properties": {
            "warningLevel": 1,
            "customProperties": {
              "HeaderFormat": "/*\u000a * SonarScanner for .NET\u000a * Copyright (C) 2016-2021 SonarSource SA\u000a * mailto: info AT sonarsource DOT com\u000a *\u000a * This program is free software; you can redistribute it and/or\u000a * modify it under the terms of the GNU Lesser General Public\u000a * License as published by the Free Software Foundation; either\u000a * version 3 of the License, or (at your option) any later version.\u000a *\u000a * This program is distributed in the hope that it will be useful,\u000a * but WITHOUT ANY WARRANTY; without even the implied warranty of\u000a * MERCHANTABILITY or FITNESS FOR A PARTICULAR PURPOSE.  See the GNU\u000a * Lesser General Public License for more details.\u000a *\u000a * You should have received a copy of the GNU Lesser General Public License\u000a * along with this program; if not, write to the Free Software Foundation,\u000a * Inc., 51 Franklin Street, Fifth Floor, Boston, MA  02110-1301, USA.\u000a */\u000a",
              "IsRegularExpression": "False"
            }
          }
        },
        {
          "ruleId": "S103",
          "level": "warning",
          "message": "Split this 202 characters long line (which is greater than 200 authorized).",
          "locations": [
            {
              "resultFile": {
                "uri": "file:///D:/a/1/s/src/SonarScanner.MSBuild/Program.cs",
                "region": {
                  "startLine": 57,
                  "startColumn": 1,
                  "endLine": 57,
                  "endColumn": 203
                }
              }
            }
          ],
          "properties": {
            "warningLevel": 1
          }
        },
        {
          "ruleId": "S1451",
          "level": "warning",
          "message": "Add or update the header of this file.",
          "locations": [
            {
              "resultFile": {
                "uri": "file:///D:/a/1/s/src/SonarScanner.MSBuild/Properties/AssemblyInfo.cs",
                "region": {
                  "startLine": 1,
                  "startColumn": 1,
                  "endLine": 1,
                  "endColumn": 1
                }
              }
            }
          ],
          "properties": {
            "warningLevel": 1,
            "customProperties": {
              "HeaderFormat": "/*\u000a * SonarScanner for .NET\u000a * Copyright (C) 2016-2021 SonarSource SA\u000a * mailto: info AT sonarsource DOT com\u000a *\u000a * This program is free software; you can redistribute it and/or\u000a * modify it under the terms of the GNU Lesser General Public\u000a * License as published by the Free Software Foundation; either\u000a * version 3 of the License, or (at your option) any later version.\u000a *\u000a * This program is distributed in the hope that it will be useful,\u000a * but WITHOUT ANY WARRANTY; without even the implied warranty of\u000a * MERCHANTABILITY or FITNESS FOR A PARTICULAR PURPOSE.  See the GNU\u000a * Lesser General Public License for more details.\u000a *\u000a * You should have received a copy of the GNU Lesser General Public License\u000a * along with this program; if not, write to the Free Software Foundation,\u000a * Inc., 51 Franklin Street, Fifth Floor, Boston, MA  02110-1301, USA.\u000a */\u000a",
              "IsRegularExpression": "False"
            }
          }
        },
        {
          "ruleId": "S2339",
          "level": "warning",
          "message": "Change this constant to a 'static' read-only property.",
          "locations": [
            {
              "resultFile": {
                "uri": "file:///D:/a/1/s/src/SonarScanner.MSBuild/ArgumentProcessor.cs",
                "region": {
                  "startLine": 45,
                  "startColumn": 29,
                  "endLine": 45,
                  "endColumn": 35
                }
              }
            }
          ],
          "properties": {
            "warningLevel": 1
          }
        },
        {
          "ruleId": "S2339",
          "level": "warning",
          "message": "Change this constant to a 'static' read-only property.",
          "locations": [
            {
              "resultFile": {
                "uri": "file:///D:/a/1/s/src/SonarScanner.MSBuild/ArgumentProcessor.cs",
                "region": {
                  "startLine": 47,
                  "startColumn": 29,
                  "endLine": 47,
                  "endColumn": 38
                }
              }
            }
          ],
          "properties": {
            "warningLevel": 1
          }
        },
        {
          "ruleId": "S2339",
          "level": "warning",
          "message": "Change this constant to a 'static' read-only property.",
          "locations": [
            {
              "resultFile": {
                "uri": "file:///D:/a/1/s/src/SonarScanner.MSBuild/ArgumentProcessor.cs",
                "region": {
                  "startLine": 48,
                  "startColumn": 29,
                  "endLine": 48,
                  "endColumn": 36
                }
              }
            }
          ],
          "properties": {
            "warningLevel": 1
          }
        },
        {
          "ruleId": "S2339",
          "level": "warning",
          "message": "Change this constant to a 'static' read-only property.",
          "locations": [
            {
              "resultFile": {
                "uri": "file:///D:/a/1/s/src/SonarScanner.MSBuild/BootstrapperClass.cs",
                "region": {
                  "startLine": 34,
                  "startColumn": 26,
                  "endLine": 34,
                  "endColumn": 35
                }
              }
            }
          ],
          "properties": {
            "warningLevel": 1
          }
        },
        {
          "ruleId": "S2339",
          "level": "warning",
          "message": "Change this constant to a 'static' read-only property.",
          "locations": [
            {
              "resultFile": {
                "uri": "file:///D:/a/1/s/src/SonarScanner.MSBuild/BootstrapperClass.cs",
                "region": {
                  "startLine": 35,
                  "startColumn": 26,
                  "endLine": 35,
                  "endColumn": 37
                }
              }
            }
          ],
          "properties": {
            "warningLevel": 1
          }
        },
        {
          "ruleId": "S2339",
          "level": "warning",
          "message": "Change this constant to a 'static' read-only property.",
          "locations": [
            {
              "resultFile": {
                "uri": "file:///D:/a/1/s/src/SonarScanner.MSBuild/Program.cs",
                "region": {
                  "startLine": 29,
                  "startColumn": 26,
                  "endLine": 29,
                  "endColumn": 35
                }
              }
            }
          ],
          "properties": {
            "warningLevel": 1
          }
        },
        {
          "ruleId": "S2339",
          "level": "warning",
          "message": "Change this constant to a 'static' read-only property.",
          "locations": [
            {
              "resultFile": {
                "uri": "file:///D:/a/1/s/src/SonarScanner.MSBuild/Program.cs",
                "region": {
                  "startLine": 30,
                  "startColumn": 26,
                  "endLine": 30,
                  "endColumn": 37
                }
              }
            }
          ],
          "properties": {
            "warningLevel": 1
          }
        },
        {
          "ruleId": "S2339",
          "level": "warning",
          "message": "Change this constant to a 'static' read-only property.",
          "locations": [
            {
              "resultFile": {
                "uri": "file:///D:/a/1/s/src/SonarScanner.MSBuild/BootstrapperSettings.cs",
                "region": {
                  "startLine": 35,
                  "startColumn": 29,
                  "endLine": 35,
                  "endColumn": 50
                }
              }
            }
          ],
          "properties": {
            "warningLevel": 1
          }
        },
        {
          "ruleId": "S2339",
          "level": "warning",
          "message": "Change this constant to a 'static' read-only property.",
          "locations": [
            {
              "resultFile": {
                "uri": "file:///D:/a/1/s/src/SonarScanner.MSBuild/BootstrapperSettings.cs",
                "region": {
                  "startLine": 37,
                  "startColumn": 29,
                  "endLine": 37,
                  "endColumn": 51
                }
              }
            }
          ],
          "properties": {
            "warningLevel": 1
          }
        },
        {
          "ruleId": "S2339",
          "level": "warning",
          "message": "Change this constant to a 'static' read-only property.",
          "locations": [
            {
              "resultFile": {
                "uri": "file:///D:/a/1/s/src/SonarScanner.MSBuild/BootstrapperSettings.cs",
                "region": {
                  "startLine": 48,
                  "startColumn": 29,
                  "endLine": 48,
                  "endColumn": 50
                }
              }
            }
          ],
          "properties": {
            "warningLevel": 1
          }
        },
        {
          "ruleId": "S2339",
          "level": "warning",
          "message": "Change this constant to a 'static' read-only property.",
          "locations": [
            {
              "resultFile": {
                "uri": "file:///D:/a/1/s/src/SonarScanner.MSBuild/BootstrapperSettings.cs",
                "region": {
                  "startLine": 49,
                  "startColumn": 29,
                  "endLine": 49,
                  "endColumn": 54
                }
              }
            }
          ],
          "properties": {
            "warningLevel": 1
          }
        },
        {
          "ruleId": "S3963",
          "level": "warning",
          "message": "Initialize all 'static fields' inline and remove the 'static constructor'.",
          "locations": [
            {
              "resultFile": {
                "uri": "file:///D:/a/1/s/src/SonarScanner.MSBuild/ArgumentProcessor.cs",
                "region": {
                  "startLine": 52,
                  "startColumn": 9,
                  "endLine": 70,
                  "endColumn": 10
                }
              }
            }
          ],
          "properties": {
            "warningLevel": 1
          }
        },
        {
          "ruleId": "S3257",
          "level": "warning",
          "message": "Remove the array type; it is redundant.",
          "locations": [
            {
              "resultFile": {
                "uri": "file:///D:/a/1/s/src/SonarScanner.MSBuild/ArgumentProcessor.cs",
                "region": {
                  "startLine": 59,
                  "startColumn": 44,
                  "endLine": 59,
                  "endColumn": 50
                }
              }
            }
          ],
          "properties": {
            "warningLevel": 1,
            "customProperties": {
              "diagnosticType": "ArrayType"
            }
          }
        },
        {
          "ruleId": "S3257",
          "level": "warning",
          "message": "Remove the array type; it is redundant.",
          "locations": [
            {
              "resultFile": {
                "uri": "file:///D:/a/1/s/src/SonarScanner.MSBuild/ArgumentProcessor.cs",
                "region": {
                  "startLine": 62,
                  "startColumn": 42,
                  "endLine": 62,
                  "endColumn": 48
                }
              }
            }
          ],
          "properties": {
            "warningLevel": 1,
            "customProperties": {
              "diagnosticType": "ArrayType"
            }
          }
        },
        {
          "ruleId": "S3240",
          "level": "warning",
          "message": "Use the '?:' operator here.",
          "locations": [
            {
              "resultFile": {
                "uri": "file:///D:/a/1/s/src/SonarScanner.MSBuild/ArgumentProcessor.cs",
                "region": {
                  "startLine": 130,
                  "startColumn": 17,
                  "endLine": 130,
                  "endColumn": 19
                }
              }
            }
          ],
          "properties": {
            "warningLevel": 1,
            "customProperties": {
              "IsNullCoalesceAssignmentSupported": "False",
              "SimplifiedOperator": "?:"
            }
          }
        },
        {
          "ruleId": "S121",
          "level": "warning",
          "message": "Add curly braces around the nested statement(s) in this 'if' block.",
          "locations": [
            {
              "resultFile": {
                "uri": "file:///D:/a/1/s/src/SonarScanner.MSBuild/ArgumentProcessor.cs",
                "region": {
                  "startLine": 82,
                  "startColumn": 17,
                  "endLine": 82,
                  "endColumn": 19
                }
              }
            }
          ],
          "properties": {
            "warningLevel": 1
          }
        },
        {
          "ruleId": "S3257",
          "level": "warning",
          "message": "Remove the array type; it is redundant.",
          "locations": [
            {
              "resultFile": {
                "uri": "file:///D:/a/1/s/src/SonarScanner.MSBuild/ArgumentProcessor.cs",
                "region": {
                  "startLine": 213,
                  "startColumn": 37,
                  "endLine": 213,
                  "endColumn": 43
                }
              }
            }
          ],
          "properties": {
            "warningLevel": 1,
            "customProperties": {
              "diagnosticType": "ArrayType"
            }
          }
        },
        {
          "ruleId": "S3240",
          "level": "warning",
          "message": "Use the '?:' operator here.",
          "locations": [
            {
              "resultFile": {
                "uri": "file:///D:/a/1/s/src/SonarScanner.MSBuild/BootstrapperClass.cs",
                "region": {
                  "startLine": 74,
                  "startColumn": 17,
                  "endLine": 74,
                  "endColumn": 19
                }
              }
            }
          ],
          "properties": {
            "warningLevel": 1,
            "customProperties": {
              "IsNullCoalesceAssignmentSupported": "False",
              "SimplifiedOperator": "?:"
            }
          }
        },
        {
          "ruleId": "S3240",
          "level": "warning",
          "message": "Use the '??' operator here.",
          "locations": [
            {
              "resultFile": {
                "uri": "file:///D:/a/1/s/src/SonarScanner.MSBuild/BootstrapperSettings.cs",
                "region": {
                  "startLine": 76,
                  "startColumn": 17,
                  "endLine": 76,
                  "endColumn": 19
                }
              }
            }
          ],
          "properties": {
            "warningLevel": 1,
            "customProperties": {
              "IsNullCoalesceAssignmentSupported": "False",
              "SimplifiedOperator": "??"
            }
          }
        },
        {
          "ruleId": "S1227",
          "level": "warning",
          "message": "Refactor the code in order to remove this break statement.",
          "locations": [
            {
              "resultFile": {
                "uri": "file:///D:/a/1/s/src/SonarScanner.MSBuild/BootstrapperSettings.cs",
                "region": {
                  "startLine": 123,
                  "startColumn": 21,
                  "endLine": 123,
                  "endColumn": 27
                }
              }
            }
          ],
          "properties": {
            "warningLevel": 1
          }
        },
        {
          "ruleId": "S3240",
          "level": "warning",
          "message": "Use the '??' operator here.",
          "locations": [
            {
              "resultFile": {
                "uri": "file:///D:/a/1/s/src/SonarScanner.MSBuild/BootstrapperClass.cs",
                "region": {
                  "startLine": 222,
                  "startColumn": 21,
                  "endLine": 222,
                  "endColumn": 23
                }
              }
            }
          ],
          "properties": {
            "warningLevel": 1,
            "customProperties": {
              "IsNullCoalesceAssignmentSupported": "False",
              "SimplifiedOperator": "??"
            }
          }
        },
        {
          "ruleId": "S3990",
          "level": "warning",
          "message": "Provide a 'CLSCompliant' attribute for assembly 'SonarScanner.MSBuild'.",
          "properties": {
            "warningLevel": 1
          }
        },
        {
          "ruleId": "S4026",
          "level": "warning",
          "message": "Provide a 'System.Resources.NeutralResourcesLanguageAttribute' attribute for assembly 'SonarScanner.MSBuild'.",
          "properties": {
            "warningLevel": 1
          }
        }
      ],
      "rules": {
        "S103": {
          "id": "S103",
          "shortDescription": "Lines should not be too long",
          "fullDescription": "Having to scroll horizontally makes it harder to get a quick overview and understanding of any piece of code.",
          "defaultLevel": "warning",
          "helpUri": "https://rules.sonarsource.com/csharp/RSPEC-103",
          "properties": {
            "category": "Major Code Smell",
            "isEnabledByDefault": false,
            "tags": [
              "C#",
              "MainSourceScope",
              "TestSourceScope"
            ]
          }
        },
        "S121": {
          "id": "S121",
          "shortDescription": "Control structures should use curly braces",
          "fullDescription": "While not technically incorrect, the omission of curly braces can be misleading, and may lead to the introduction of errors during maintenance.",
          "defaultLevel": "warning",
          "helpUri": "https://rules.sonarsource.com/csharp/RSPEC-121",
          "properties": {
            "category": "Critical Code Smell",
            "isEnabledByDefault": false,
            "tags": [
              "C#",
              "MainSourceScope",
              "TestSourceScope"
            ]
          }
        },
        "S1227": {
          "id": "S1227",
          "shortDescription": "break statements should not be used except for switch cases",
          "fullDescription": "break; is an unstructured control flow statement which makes code harder to read.",
          "defaultLevel": "warning",
          "helpUri": "https://rules.sonarsource.com/csharp/RSPEC-1227",
          "properties": {
            "category": "Minor Code Smell",
            "isEnabledByDefault": false,
            "tags": [
              "C#",
              "MainSourceScope",
              "TestSourceScope"
            ]
          }
        },
        "S1451": {
          "id": "S1451",
          "shortDescription": "Track lack of copyright and license headers",
          "fullDescription": "Each source file should start with a header stating file ownership and the license which must be used to distribute the application.",
          "defaultLevel": "warning",
          "helpUri": "https://rules.sonarsource.com/csharp/RSPEC-1451",
          "properties": {
            "category": "Blocker Code Smell",
            "isEnabledByDefault": false,
            "tags": [
              "C#",
              "MainSourceScope",
              "TestSourceScope"
            ]
          }
        },
        "S2339": {
          "id": "S2339",
          "shortDescription": "Public constant members should not be used",
          "fullDescription": "Constant members are copied at compile time to the call sites, instead of being fetched at runtime.",
          "defaultLevel": "warning",
          "helpUri": "https://rules.sonarsource.com/csharp/RSPEC-2339",
          "properties": {
            "category": "Critical Code Smell",
            "isEnabledByDefault": false,
            "tags": [
              "C#",
              "MainSourceScope",
              "TestSourceScope"
            ]
          }
        },
        "S3240": {
          "id": "S3240",
          "shortDescription": "The simplest possible condition syntax should be used",
          "fullDescription": "In the interests of keeping code clean, the simplest possible conditional syntax should be used. That means",
          "defaultLevel": "warning",
          "helpUri": "https://rules.sonarsource.com/csharp/RSPEC-3240",
          "properties": {
            "category": "Minor Code Smell",
            "isEnabledByDefault": false,
            "tags": [
              "C#",
              "MainSourceScope",
              "TestSourceScope"
            ]
          }
        },
        "S3257": {
          "id": "S3257",
          "shortDescription": "Declarations and initializations should be as concise as possible",
          "fullDescription": "Unnecessarily verbose declarations and initializations make it harder to read the code, and should be simplified.",
          "defaultLevel": "warning",
          "helpUri": "https://rules.sonarsource.com/csharp/RSPEC-3257",
          "properties": {
            "category": "Minor Code Smell",
            "isEnabledByDefault": false,
            "tags": [
              "C#",
              "MainSourceScope",
              "TestSourceScope"
            ]
          }
        },
        "S3963": {
          "id": "S3963",
          "shortDescription": "\"static\" fields should be initialized inline",
          "fullDescription": "When a static constructor serves no other purpose that initializing static fields, it comes with an unnecessary performance cost because the compiler generates a check before each static method or instance constructor invocation.",
          "defaultLevel": "warning",
          "helpUri": "https://rules.sonarsource.com/csharp/RSPEC-3963",
          "properties": {
            "category": "Minor Code Smell",
            "isEnabledByDefault": true,
            "tags": [
              "C#",
              "SonarWay",
              "MainSourceScope",
              "TestSourceScope"
            ]
          }
        },
        "S3990": {
          "id": "S3990",
          "shortDescription": "Assemblies should be marked as CLS compliant",
          "fullDescription": "Assemblies should conform with the Common Language Specification (CLS) in order to be usable across programming languages. To be compliant an assembly has to indicate it with System.CLSCompliantAttribute.",
          "defaultLevel": "warning",
          "helpUri": "https://rules.sonarsource.com/csharp/RSPEC-3990",
          "properties": {
            "category": "Major Code Smell",
            "isEnabledByDefault": false,
            "tags": [
              "C#",
              "MainSourceScope",
              "TestSourceScope"
            ]
          }
        },
        "S4026": {
          "id": "S4026",
          "shortDescription": "Assemblies should be marked with \"NeutralResourcesLanguageAttribute\"",
          "fullDescription": "It is important to inform the ResourceManager of the language used to display the resources of the neutral culture for an assembly. This improves lookup performance for the first resource loaded.",
          "defaultLevel": "warning",
          "helpUri": "https://rules.sonarsource.com/csharp/RSPEC-4026",
          "properties": {
            "category": "Minor Code Smell",
            "isEnabledByDefault": false,
            "tags": [
              "C#",
              "MainSourceScope",
              "TestSourceScope"
            ]
          }
        }
      }
    }
  ]
}